object_id,ein,CntrbtrInfrmtn_CntrbtrNm,CntrbtrBsnssNm_BsnssNmLn1Txt,CntrbtrUSAddrss_AddrssLn1Txt,CntrbtrUSAddrss_AddrssLn2Txt,CntrbtrUSAddrss_CtyNm,CntrbtrUSAddrss_SttAbbrvtnCd,CntrbtrUSAddrss_ZIPCd,CntrbtrInfrmtn_TtlCntrbtnsAmt
201423179349301927,226019101,RESTRICTED,RESTRICTED,RESTRICTED,RESTRICTED,RESTRICTED,RESTRICTED,RESTRICTED,RESTRICTED
201443179349303604,231352008,RESTRICTED,RESTRICTED,RESTRICTED,RESTRICTED,RESTRICTED,RESTRICTED,RESTRICTED,RESTRICTED
201443179349303609,210634462,RESTRICTED,RESTRICTED,RESTRICTED,RESTRICTED,RESTRICTED,RESTRICTED,RESTRICTED,RESTRICTED
201443159349302919,042104451,RESTRICTED,RESTRICTED,RESTRICTED,RESTRICTED,RESTRICTED,RESTRICTED,RESTRICTED,RESTRICTED
201403249349300010,237034324,RESTRICTED,RESTRICTED,RESTRICTED,RESTRICTED,RESTRICTED,RESTRICTED,RESTRICTED,RESTRICTED
201433219349303453,470385129,RESTRICTED,RESTRICTED,RESTRICTED,RESTRICTED,RESTRICTED,RESTRICTED,RESTRICTED,RESTRICTED
201443189349301799,410693962,RESTRICTED,RESTRICTED,RESTRICTED,RESTRICTED,RESTRICTED,RESTRICTED,RESTRICTED,RESTRICTED
201443189349301864,420680452,RESTRICTED,RESTRICTED,RESTRICTED,RESTRICTED,RESTRICTED,RESTRICTED,RESTRICTED,RESTRICTED
201403499349301200,237410494,RESTRICTED,RESTRICTED,RESTRICTED,RESTRICTED,RESTRICTED,RESTRICTED,RESTRICTED,RESTRICTED
201433219349311983,550526150,RESTRICTED,RESTRICTED,RESTRICTED,RESTRICTED,RESTRICTED,RESTRICTED,RESTRICTED,RESTRICTED
201403529349300205,580566143,RESTRICTED,RESTRICTED,RESTRICTED,RESTRICTED,RESTRICTED,RESTRICTED,RESTRICTED,RESTRICTED
201423219349308332,132689918,RESTRICTED,RESTRICTED,RESTRICTED,RESTRICTED,RESTRICTED,RESTRICTED,RESTRICTED,RESTRICTED
201423529349300412,370661211,RESTRICTED,RESTRICTED,RESTRICTED,RESTRICTED,RESTRICTED,RESTRICTED,RESTRICTED,RESTRICTED
201423239349300212,221487258,RESTRICTED,RESTRICTED,RESTRICTED,RESTRICTED,RESTRICTED,RESTRICTED,RESTRICTED,RESTRICTED
201433189349300133,560554230,RESTRICTED,RESTRICTED,RESTRICTED,RESTRICTED,RESTRICTED,RESTRICTED,RESTRICTED,RESTRICTED
201423429349300102,560547511,RESTRICTED,RESTRICTED,RESTRICTED,RESTRICTED,RESTRICTED,RESTRICTED,RESTRICTED,RESTRICTED
201433189349308163,141338413,RESTRICTED,RESTRICTED,RESTRICTED,RESTRICTED,RESTRICTED,RESTRICTED,RESTRICTED,RESTRICTED
201423519349300952,610660795,RESTRICTED,RESTRICTED,RESTRICTED,RESTRICTED,RESTRICTED,RESTRICTED,RESTRICTED,RESTRICTED
201423129349300002,566049935,RESTRICTED,RESTRICTED,RESTRICTED,RESTRICTED,RESTRICTED,RESTRICTED,RESTRICTED,RESTRICTED
201403179349306545,111635088,RESTRICTED,RESTRICTED,RESTRICTED,RESTRICTED,RESTRICTED,RESTRICTED,RESTRICTED,RESTRICTED
201413119349301266,540715569,RESTRICTED,RESTRICTED,RESTRICTED,RESTRICTED,RESTRICTED,RESTRICTED,RESTRICTED,RESTRICTED
201443189349306249,133705284,RESTRICTED,RESTRICTED,RESTRICTED,RESTRICTED,RESTRICTED,RESTRICTED,RESTRICTED,RESTRICTED
201443189349304404,953797687,RESTRICTED,RESTRICTED,RESTRICTED,RESTRICTED,RESTRICTED,RESTRICTED,RESTRICTED,RESTRICTED
201443189349300214,410698301,RESTRICTED,RESTRICTED,RESTRICTED,RESTRICTED,RESTRICTED,RESTRICTED,RESTRICTED,RESTRICTED
201443189349300944,222325405,RESTRICTED,RESTRICTED,RESTRICTED,RESTRICTED,RESTRICTED,RESTRICTED,RESTRICTED,RESTRICTED
201413379349300531,620812782,RESTRICTED,RESTRICTED,RESTRICTED,RESTRICTED,RESTRICTED,RESTRICTED,RESTRICTED,RESTRICTED
201433219349302893,710236856,RESTRICTED,RESTRICTED,RESTRICTED,RESTRICTED,RESTRICTED,RESTRICTED,RESTRICTED,RESTRICTED
201443219349307559,310621866,RESTRICTED,RESTRICTED,RESTRICTED,RESTRICTED,RESTRICTED,RESTRICTED,RESTRICTED,RESTRICTED
201413219349306371,262037695,RESTRICTED,RESTRICTED,RESTRICTED,RESTRICTED,RESTRICTED,RESTRICTED,RESTRICTED,RESTRICTED
201413219349309851,221487307,RESTRICTED,RESTRICTED,RESTRICTED,RESTRICTED,RESTRICTED,RESTRICTED,RESTRICTED,RESTRICTED
201443189349305919,480554341,RESTRICTED,RESTRICTED,RESTRICTED,RESTRICTED,RESTRICTED,RESTRICTED,RESTRICTED,RESTRICTED
201443219349303214,221487322,RESTRICTED,RESTRICTED,RESTRICTED,RESTRICTED,RESTRICTED,RESTRICTED,RESTRICTED,RESTRICTED
201413219349302421,561388743,RESTRICTED,RESTRICTED,RESTRICTED,RESTRICTED,RESTRICTED,RESTRICTED,RESTRICTED,RESTRICTED
201423219349310827,741180155,RESTRICTED,RESTRICTED,RESTRICTED,RESTRICTED,RESTRICTED,RESTRICTED,RESTRICTED,RESTRICTED
201443169349304594,111633486,RESTRICTED,RESTRICTED,RESTRICTED,RESTRICTED,RESTRICTED,RESTRICTED,RESTRICTED,RESTRICTED
201413199349300016,200471061,RESTRICTED,RESTRICTED,RESTRICTED,RESTRICTED,RESTRICTED,RESTRICTED,RESTRICTED,RESTRICTED
201433219349305503,620789275,RESTRICTED,RESTRICTED,RESTRICTED,RESTRICTED,RESTRICTED,RESTRICTED,RESTRICTED,RESTRICTED
201433449349300008,620202000,RESTRICTED,RESTRICTED,RESTRICTED,RESTRICTED,RESTRICTED,RESTRICTED,RESTRICTED,RESTRICTED
201443379349300324,521435310,RESTRICTED,RESTRICTED,RESTRICTED,RESTRICTED,RESTRICTED,RESTRICTED,RESTRICTED,RESTRICTED
201413219349305861,160960470,RESTRICTED,RESTRICTED,RESTRICTED,RESTRICTED,RESTRICTED,RESTRICTED,RESTRICTED,RESTRICTED
201433189349302568,610461768,RESTRICTED,RESTRICTED,RESTRICTED,RESTRICTED,RESTRICTED,RESTRICTED,RESTRICTED,RESTRICTED
201433189349304708,160743310,RESTRICTED,RESTRICTED,RESTRICTED,RESTRICTED,RESTRICTED,RESTRICTED,RESTRICTED,RESTRICTED
201443189349302509,135564934,RESTRICTED,RESTRICTED,RESTRICTED,RESTRICTED,RESTRICTED,RESTRICTED,RESTRICTED,RESTRICTED
201403149349302700,390830664,RESTRICTED,RESTRICTED,RESTRICTED,RESTRICTED,RESTRICTED,RESTRICTED,RESTRICTED,RESTRICTED
201413169349303601,430654874,RESTRICTED,RESTRICTED,RESTRICTED,RESTRICTED,RESTRICTED,RESTRICTED,RESTRICTED,RESTRICTED
201433189349304123,390821861,RESTRICTED,RESTRICTED,RESTRICTED,RESTRICTED,RESTRICTED,RESTRICTED,RESTRICTED,RESTRICTED
201433189349301648,150533577,RESTRICTED,RESTRICTED,RESTRICTED,RESTRICTED,RESTRICTED,RESTRICTED,RESTRICTED,RESTRICTED
201443219349305534,591407629,RESTRICTED,RESTRICTED,RESTRICTED,RESTRICTED,RESTRICTED,RESTRICTED,RESTRICTED,RESTRICTED
201423219349310327,430652649,RESTRICTED,RESTRICTED,RESTRICTED,RESTRICTED,RESTRICTED,RESTRICTED,RESTRICTED,RESTRICTED
201403439349300910,030197728,RESTRICTED,RESTRICTED,RESTRICTED,RESTRICTED,RESTRICTED,RESTRICTED,RESTRICTED,RESTRICTED
201433189349304253,160743032,RESTRICTED,RESTRICTED,RESTRICTED,RESTRICTED,RESTRICTED,RESTRICTED,RESTRICTED,RESTRICTED
201433219349301053,470489031,RESTRICTED,RESTRICTED,RESTRICTED,RESTRICTED,RESTRICTED,RESTRICTED,RESTRICTED,RESTRICTED
201433239349300603,750827421,RESTRICTED,RESTRICTED,RESTRICTED,RESTRICTED,RESTRICTED,RESTRICTED,RESTRICTED,RESTRICTED
201413219349307641,111631796,RESTRICTED,RESTRICTED,RESTRICTED,RESTRICTED,RESTRICTED,RESTRICTED,RESTRICTED,RESTRICTED
201443219349302734,210634484,RESTRICTED,RESTRICTED,RESTRICTED,RESTRICTED,RESTRICTED,RESTRICTED,RESTRICTED,RESTRICTED
201443189349301919,340714538,RESTRICTED,RESTRICTED,RESTRICTED,RESTRICTED,RESTRICTED,RESTRICTED,RESTRICTED,RESTRICTED
201443369349300524,060646520,RESTRICTED,RESTRICTED,RESTRICTED,RESTRICTED,RESTRICTED,RESTRICTED,RESTRICTED,RESTRICTED
201423189349306322,591092732,RESTRICTED,RESTRICTED,RESTRICTED,RESTRICTED,RESTRICTED,RESTRICTED,RESTRICTED,RESTRICTED
201412279349301636,860197576,RESTRICTED,RESTRICTED,RESTRICTED,RESTRICTED,RESTRICTED,RESTRICTED,RESTRICTED,RESTRICTED
201402309349300630,237202810,RESTRICTED,RESTRICTED,RESTRICTED,RESTRICTED,RESTRICTED,RESTRICTED,RESTRICTED,RESTRICTED
201421209349300237,521547103,RESTRICTED,RESTRICTED,RESTRICTED,RESTRICTED,RESTRICTED,RESTRICTED,RESTRICTED,RESTRICTED
201421269349301172,340873175,RESTRICTED,RESTRICTED,RESTRICTED,RESTRICTED,RESTRICTED,RESTRICTED,RESTRICTED,RESTRICTED
201412379349300121,616002351,RESTRICTED,RESTRICTED,RESTRICTED,RESTRICTED,RESTRICTED,RESTRICTED,RESTRICTED,RESTRICTED
201412259349300816,561684241,RESTRICTED,RESTRICTED,RESTRICTED,RESTRICTED,RESTRICTED,RESTRICTED,RESTRICTED,RESTRICTED
201431259349300328,237242844,RESTRICTED,RESTRICTED,RESTRICTED,RESTRICTED,RESTRICTED,RESTRICTED,RESTRICTED,RESTRICTED
201412379349300321,454620000,RESTRICTED,RESTRICTED,RESTRICTED,RESTRICTED,RESTRICTED,RESTRICTED,RESTRICTED,RESTRICTED
201412469349300551,610470593,RESTRICTED,RESTRICTED,RESTRICTED,RESTRICTED,RESTRICTED,RESTRICTED,RESTRICTED,RESTRICTED
201411359349307171,263763572,RESTRICTED,RESTRICTED,RESTRICTED,RESTRICTED,RESTRICTED,RESTRICTED,RESTRICTED,RESTRICTED
201411359349305136,264078735,RESTRICTED,RESTRICTED,RESTRICTED,RESTRICTED,RESTRICTED,RESTRICTED,RESTRICTED,RESTRICTED
201411349349303441,540573802,RESTRICTED,RESTRICTED,RESTRICTED,RESTRICTED,RESTRICTED,RESTRICTED,RESTRICTED,RESTRICTED
201422669349300042,850164940,RESTRICTED,RESTRICTED,RESTRICTED,RESTRICTED,RESTRICTED,RESTRICTED,RESTRICTED,RESTRICTED
201402629349300535,680492427,RESTRICTED,RESTRICTED,RESTRICTED,RESTRICTED,RESTRICTED,RESTRICTED,RESTRICTED,RESTRICTED
201441329349302049,390988997,RESTRICTED,RESTRICTED,RESTRICTED,RESTRICTED,RESTRICTED,RESTRICTED,RESTRICTED,RESTRICTED
201422749349301027,630338081,RESTRICTED,RESTRICTED,RESTRICTED,RESTRICTED,RESTRICTED,RESTRICTED,RESTRICTED,RESTRICTED
201441349349303199,540784341,RESTRICTED,RESTRICTED,RESTRICTED,RESTRICTED,RESTRICTED,RESTRICTED,RESTRICTED,RESTRICTED
201421709349301152,810232122,RESTRICTED,RESTRICTED,RESTRICTED,RESTRICTED,RESTRICTED,RESTRICTED,RESTRICTED,RESTRICTED
201421679349300807,020332032,RESTRICTED,RESTRICTED,RESTRICTED,RESTRICTED,RESTRICTED,RESTRICTED,RESTRICTED,RESTRICTED
201412189349200021,237178313,RESTRICTED,RESTRICTED,RESTRICTED,RESTRICTED,RESTRICTED,RESTRICTED,RESTRICTED,RESTRICTED
201401999349300725,020222215,RESTRICTED,RESTRICTED,RESTRICTED,RESTRICTED,RESTRICTED,RESTRICTED,RESTRICTED,RESTRICTED
201442119349300519,390813418,RESTRICTED,RESTRICTED,RESTRICTED,RESTRICTED,RESTRICTED,RESTRICTED,RESTRICTED,RESTRICTED
201412029349300321,620481463,RESTRICTED,RESTRICTED,RESTRICTED,RESTRICTED,RESTRICTED,RESTRICTED,RESTRICTED,RESTRICTED
201412609349301006,942245517,RESTRICTED,RESTRICTED,RESTRICTED,RESTRICTED,RESTRICTED,RESTRICTED,RESTRICTED,RESTRICTED
201402769349300805,240795439,RESTRICTED,RESTRICTED,RESTRICTED,RESTRICTED,RESTRICTED,RESTRICTED,RESTRICTED,RESTRICTED
201402179349300800,742358522,RESTRICTED,RESTRICTED,RESTRICTED,RESTRICTED,RESTRICTED,RESTRICTED,RESTRICTED,RESTRICTED
201411969349300221,580073726,RESTRICTED,RESTRICTED,RESTRICTED,RESTRICTED,RESTRICTED,RESTRICTED,RESTRICTED,RESTRICTED
201432619349300723,340714650,RESTRICTED,RESTRICTED,RESTRICTED,RESTRICTED,RESTRICTED,RESTRICTED,RESTRICTED,RESTRICTED
201402559349300200,350715530,RESTRICTED,RESTRICTED,RESTRICTED,RESTRICTED,RESTRICTED,RESTRICTED,RESTRICTED,RESTRICTED
201442559349300864,510205293,RESTRICTED,RESTRICTED,RESTRICTED,RESTRICTED,RESTRICTED,RESTRICTED,RESTRICTED,RESTRICTED
201402869349300200,480548361,RESTRICTED,RESTRICTED,RESTRICTED,RESTRICTED,RESTRICTED,RESTRICTED,RESTRICTED,RESTRICTED
201412899349300621,562231069,RESTRICTED,RESTRICTED,RESTRICTED,RESTRICTED,RESTRICTED,RESTRICTED,RESTRICTED,RESTRICTED
201412839349301201,111802808,RESTRICTED,RESTRICTED,RESTRICTED,RESTRICTED,RESTRICTED,RESTRICTED,RESTRICTED,RESTRICTED
201422799349300302,541743079,RESTRICTED,RESTRICTED,RESTRICTED,RESTRICTED,RESTRICTED,RESTRICTED,RESTRICTED,RESTRICTED
201402889349301000,521662533,RESTRICTED,RESTRICTED,RESTRICTED,RESTRICTED,RESTRICTED,RESTRICTED,RESTRICTED,RESTRICTED
201412879349300241,344429091,RESTRICTED,RESTRICTED,RESTRICTED,RESTRICTED,RESTRICTED,RESTRICTED,RESTRICTED,RESTRICTED
201412879349300626,550370901,RESTRICTED,RESTRICTED,RESTRICTED,RESTRICTED,RESTRICTED,RESTRICTED,RESTRICTED,RESTRICTED
201402959349300715,621149976,RESTRICTED,RESTRICTED,RESTRICTED,RESTRICTED,RESTRICTED,RESTRICTED,RESTRICTED,RESTRICTED
201402799349300445,020302477,RESTRICTED,RESTRICTED,RESTRICTED,RESTRICTED,RESTRICTED,RESTRICTED,RESTRICTED,RESTRICTED
201412869349300506,350895832,RESTRICTED,RESTRICTED,RESTRICTED,RESTRICTED,RESTRICTED,RESTRICTED,RESTRICTED,RESTRICTED
201442879349300724,350868095,RESTRICTED,RESTRICTED,RESTRICTED,RESTRICTED,RESTRICTED,RESTRICTED,RESTRICTED,RESTRICTED
201422819349300432,620819352,RESTRICTED,RESTRICTED,RESTRICTED,RESTRICTED,RESTRICTED,RESTRICTED,RESTRICTED,RESTRICTED
201433179349304223,421351526,RESTRICTED,RESTRICTED,RESTRICTED,RESTRICTED,RESTRICTED,RESTRICTED,RESTRICTED,RESTRICTED
201423149349302187,420686467,RESTRICTED,RESTRICTED,RESTRICTED,RESTRICTED,RESTRICTED,RESTRICTED,RESTRICTED,RESTRICTED
201433159349300938,660277396,RESTRICTED,RESTRICTED,RESTRICTED,RESTRICTED,RESTRICTED,RESTRICTED,RESTRICTED,RESTRICTED
201443179349306519,200180768,RESTRICTED,RESTRICTED,RESTRICTED,RESTRICTED,RESTRICTED,RESTRICTED,RESTRICTED,RESTRICTED
201433179349303858,742128239,RESTRICTED,RESTRICTED,RESTRICTED,RESTRICTED,RESTRICTED,RESTRICTED,RESTRICTED,RESTRICTED
201413289349300436,610466713,RESTRICTED,RESTRICTED,RESTRICTED,RESTRICTED,RESTRICTED,RESTRICTED,RESTRICTED,RESTRICTED
201423169349302177,131740126,RESTRICTED,RESTRICTED,RESTRICTED,RESTRICTED,RESTRICTED,RESTRICTED,RESTRICTED,RESTRICTED
201443179349304359,351065063,RESTRICTED,RESTRICTED,RESTRICTED,RESTRICTED,RESTRICTED,RESTRICTED,RESTRICTED,RESTRICTED
201433179349306808,954230730,RESTRICTED,RESTRICTED,RESTRICTED,RESTRICTED,RESTRICTED,RESTRICTED,RESTRICTED,RESTRICTED
201443159349300979,942515428,RESTRICTED,RESTRICTED,RESTRICTED,RESTRICTED,RESTRICTED,RESTRICTED,RESTRICTED,RESTRICTED
201443169349304464,880121831,RESTRICTED,RESTRICTED,RESTRICTED,RESTRICTED,RESTRICTED,RESTRICTED,RESTRICTED,RESTRICTED
201413259349300406,042702102,RESTRICTED,RESTRICTED,RESTRICTED,RESTRICTED,RESTRICTED,RESTRICTED,RESTRICTED,RESTRICTED
201423169349301972,132635819,RESTRICTED,RESTRICTED,RESTRICTED,RESTRICTED,RESTRICTED,RESTRICTED,RESTRICTED,RESTRICTED
201403159349302455,160743134,RESTRICTED,RESTRICTED,RESTRICTED,RESTRICTED,RESTRICTED,RESTRICTED,RESTRICTED,RESTRICTED
201443179349306614,131662715,RESTRICTED,RESTRICTED,RESTRICTED,RESTRICTED,RESTRICTED,RESTRICTED,RESTRICTED,RESTRICTED
201433179349303933,420504780,RESTRICTED,RESTRICTED,RESTRICTED,RESTRICTED,RESTRICTED,RESTRICTED,RESTRICTED,RESTRICTED
201433179349304333,250965603,RESTRICTED,RESTRICTED,RESTRICTED,RESTRICTED,RESTRICTED,RESTRICTED,RESTRICTED,RESTRICTED
201433179349305423,391620530,RESTRICTED,RESTRICTED,RESTRICTED,RESTRICTED,RESTRICTED,RESTRICTED,RESTRICTED,RESTRICTED
201423169349304852,810231774,RESTRICTED,RESTRICTED,RESTRICTED,RESTRICTED,RESTRICTED,RESTRICTED,RESTRICTED,RESTRICTED
201423169349303627,350886846,RESTRICTED,RESTRICTED,RESTRICTED,RESTRICTED,RESTRICTED,RESTRICTED,RESTRICTED,RESTRICTED
201443169349303414,541031437,RESTRICTED,RESTRICTED,RESTRICTED,RESTRICTED,RESTRICTED,RESTRICTED,RESTRICTED,RESTRICTED
201443159349301729,450231180,RESTRICTED,RESTRICTED,RESTRICTED,RESTRICTED,RESTRICTED,RESTRICTED,RESTRICTED,RESTRICTED
201433179349304828,362167773,RESTRICTED,RESTRICTED,RESTRICTED,RESTRICTED,RESTRICTED,RESTRICTED,RESTRICTED,RESTRICTED
201433179349301288,131624135,RESTRICTED,RESTRICTED,RESTRICTED,RESTRICTED,RESTRICTED,RESTRICTED,RESTRICTED,RESTRICTED
201433179349301333,160743905,RESTRICTED,RESTRICTED,RESTRICTED,RESTRICTED,RESTRICTED,RESTRICTED,RESTRICTED,RESTRICTED
201433179349304308,370661223,RESTRICTED,RESTRICTED,RESTRICTED,RESTRICTED,RESTRICTED,RESTRICTED,RESTRICTED,RESTRICTED
201443149349301499,731303821,RESTRICTED,RESTRICTED,RESTRICTED,RESTRICTED,RESTRICTED,RESTRICTED,RESTRICTED,RESTRICTED
201443149349302769,341726619,RESTRICTED,RESTRICTED,RESTRICTED,RESTRICTED,RESTRICTED,RESTRICTED,RESTRICTED,RESTRICTED
201433169349304513,381357020,RESTRICTED,RESTRICTED,RESTRICTED,RESTRICTED,RESTRICTED,RESTRICTED,RESTRICTED,RESTRICTED
201433179349303443,363196629,RESTRICTED,RESTRICTED,RESTRICTED,RESTRICTED,RESTRICTED,RESTRICTED,RESTRICTED,RESTRICTED
201423179349306242,941254638,RESTRICTED,RESTRICTED,RESTRICTED,RESTRICTED,RESTRICTED,RESTRICTED,RESTRICTED,RESTRICTED
201433109349300628,710462177,RESTRICTED,RESTRICTED,RESTRICTED,RESTRICTED,RESTRICTED,RESTRICTED,RESTRICTED,RESTRICTED
201412939349300126,592961536,RESTRICTED,RESTRICTED,RESTRICTED,RESTRICTED,RESTRICTED,RESTRICTED,RESTRICTED,RESTRICTED
201413009349301051,420680460,RESTRICTED,RESTRICTED,RESTRICTED,RESTRICTED,RESTRICTED,RESTRICTED,RESTRICTED,RESTRICTED
201422909349300712,480842156,RESTRICTED,RESTRICTED,RESTRICTED,RESTRICTED,RESTRICTED,RESTRICTED,RESTRICTED,RESTRICTED
201413169349300106,570828733,RESTRICTED,RESTRICTED,RESTRICTED,RESTRICTED,RESTRICTED,RESTRICTED,RESTRICTED,RESTRICTED
201443079349300249,410706151,RESTRICTED,RESTRICTED,RESTRICTED,RESTRICTED,RESTRICTED,RESTRICTED,RESTRICTED,RESTRICTED
201413019349301026,541851377,RESTRICTED,RESTRICTED,RESTRICTED,RESTRICTED,RESTRICTED,RESTRICTED,RESTRICTED,RESTRICTED
201423019349300242,580593438,RESTRICTED,RESTRICTED,RESTRICTED,RESTRICTED,RESTRICTED,RESTRICTED,RESTRICTED,RESTRICTED
201402809349300800,560530251,RESTRICTED,RESTRICTED,RESTRICTED,RESTRICTED,RESTRICTED,RESTRICTED,RESTRICTED,RESTRICTED
201433169349302318,131740127,RESTRICTED,RESTRICTED,RESTRICTED,RESTRICTED,RESTRICTED,RESTRICTED,RESTRICTED,RESTRICTED
201423029349300442,340714585,RESTRICTED,RESTRICTED,RESTRICTED,RESTRICTED,RESTRICTED,RESTRICTED,RESTRICTED,RESTRICTED
201433109349301928,261901554,RESTRICTED,RESTRICTED,RESTRICTED,RESTRICTED,RESTRICTED,RESTRICTED,RESTRICTED,RESTRICTED
201413049349301166,362167847,RESTRICTED,RESTRICTED,RESTRICTED,RESTRICTED,RESTRICTED,RESTRICTED,RESTRICTED,RESTRICTED
201412959349300126,480543782,RESTRICTED,RESTRICTED,RESTRICTED,RESTRICTED,RESTRICTED,RESTRICTED,RESTRICTED,RESTRICTED
201423039349300627,640303086,RESTRICTED,RESTRICTED,RESTRICTED,RESTRICTED,RESTRICTED,RESTRICTED,RESTRICTED,RESTRICTED
201412959349301051,350868181,RESTRICTED,RESTRICTED,RESTRICTED,RESTRICTED,RESTRICTED,RESTRICTED,RESTRICTED,RESTRICTED
201403159349302465,251065148,RESTRICTED,RESTRICTED,RESTRICTED,RESTRICTED,RESTRICTED,RESTRICTED,RESTRICTED,RESTRICTED
201403429349300615,460283336,RESTRICTED,RESTRICTED,RESTRICTED,RESTRICTED,RESTRICTED,RESTRICTED,RESTRICTED,RESTRICTED
201443429349300414,166031585,RESTRICTED,RESTRICTED,RESTRICTED,RESTRICTED,RESTRICTED,RESTRICTED,RESTRICTED,RESTRICTED
201423519349300402,581494136,RESTRICTED,RESTRICTED,RESTRICTED,RESTRICTED,RESTRICTED,RESTRICTED,RESTRICTED,RESTRICTED
201403579349300325,521010577,RESTRICTED,RESTRICTED,RESTRICTED,RESTRICTED,RESTRICTED,RESTRICTED,RESTRICTED,RESTRICTED
201403459349300820,560767736,RESTRICTED,RESTRICTED,RESTRICTED,RESTRICTED,RESTRICTED,RESTRICTED,RESTRICTED,RESTRICTED
201413449349300111,530196583,RESTRICTED,RESTRICTED,RESTRICTED,RESTRICTED,RESTRICTED,RESTRICTED,RESTRICTED,RESTRICTED
201413449349300126,363157451,RESTRICTED,RESTRICTED,RESTRICTED,RESTRICTED,RESTRICTED,RESTRICTED,RESTRICTED,RESTRICTED
201413189349308121,364195126,RESTRICTED,RESTRICTED,RESTRICTED,RESTRICTED,RESTRICTED,RESTRICTED,RESTRICTED,RESTRICTED
201443189349302934,362169147,RESTRICTED,RESTRICTED,RESTRICTED,RESTRICTED,RESTRICTED,RESTRICTED,RESTRICTED,RESTRICTED
201413519349300506,362182170,RESTRICTED,RESTRICTED,RESTRICTED,RESTRICTED,RESTRICTED,RESTRICTED,RESTRICTED,RESTRICTED
201433189349302143,810231777,RESTRICTED,RESTRICTED,RESTRICTED,RESTRICTED,RESTRICTED,RESTRICTED,RESTRICTED,RESTRICTED
201443219349309969,510305893,RESTRICTED,RESTRICTED,RESTRICTED,RESTRICTED,RESTRICTED,RESTRICTED,RESTRICTED,RESTRICTED
201443539349300524,132513162,RESTRICTED,RESTRICTED,RESTRICTED,RESTRICTED,RESTRICTED,RESTRICTED,RESTRICTED,RESTRICTED
201413569349300716,560532296,RESTRICTED,RESTRICTED,RESTRICTED,RESTRICTED,RESTRICTED,RESTRICTED,RESTRICTED,RESTRICTED
201433499349301358,720467515,RESTRICTED,RESTRICTED,RESTRICTED,RESTRICTED,RESTRICTED,RESTRICTED,RESTRICTED,RESTRICTED
201443189349304694,540646523,RESTRICTED,RESTRICTED,RESTRICTED,RESTRICTED,RESTRICTED,RESTRICTED,RESTRICTED,RESTRICTED
201403219349306475,381673400,RESTRICTED,RESTRICTED,RESTRICTED,RESTRICTED,RESTRICTED,RESTRICTED,RESTRICTED,RESTRICTED
201413469349300316,237013253,RESTRICTED,RESTRICTED,RESTRICTED,RESTRICTED,RESTRICTED,RESTRICTED,RESTRICTED,RESTRICTED
201403529349300320,620475691,RESTRICTED,RESTRICTED,RESTRICTED,RESTRICTED,RESTRICTED,RESTRICTED,RESTRICTED,RESTRICTED
201403529349300400,741357323,RESTRICTED,RESTRICTED,RESTRICTED,RESTRICTED,RESTRICTED,RESTRICTED,RESTRICTED,RESTRICTED
201443219349302154,416011702,RESTRICTED,RESTRICTED,RESTRICTED,RESTRICTED,RESTRICTED,RESTRICTED,RESTRICTED,RESTRICTED
201422479349300537,540808239,RESTRICTED,RESTRICTED,RESTRICTED,RESTRICTED,RESTRICTED,RESTRICTED,RESTRICTED,RESTRICTED
201443189349306734,550357056,RESTRICTED,RESTRICTED,RESTRICTED,RESTRICTED,RESTRICTED,RESTRICTED,RESTRICTED,RESTRICTED
201413459349300011,450306841,RESTRICTED,RESTRICTED,RESTRICTED,RESTRICTED,RESTRICTED,RESTRICTED,RESTRICTED,RESTRICTED
201403579349300505,200258004,RESTRICTED,RESTRICTED,RESTRICTED,RESTRICTED,RESTRICTED,RESTRICTED,RESTRICTED,RESTRICTED
201413469349300116,570324915,RESTRICTED,RESTRICTED,RESTRICTED,RESTRICTED,RESTRICTED,RESTRICTED,RESTRICTED,RESTRICTED
201423219349305487,476025325,RESTRICTED,RESTRICTED,RESTRICTED,RESTRICTED,RESTRICTED,RESTRICTED,RESTRICTED,RESTRICTED
201423389349300307,112357063,RESTRICTED,RESTRICTED,RESTRICTED,RESTRICTED,RESTRICTED,RESTRICTED,RESTRICTED,RESTRICTED
201423189349300632,550525724,RESTRICTED,RESTRICTED,RESTRICTED,RESTRICTED,RESTRICTED,RESTRICTED,RESTRICTED,RESTRICTED
201423189349302672,470418641,RESTRICTED,RESTRICTED,RESTRICTED,RESTRICTED,RESTRICTED,RESTRICTED,RESTRICTED,RESTRICTED
201423189349302067,470378779,RESTRICTED,RESTRICTED,RESTRICTED,RESTRICTED,RESTRICTED,RESTRICTED,RESTRICTED,RESTRICTED
201403189349300910,581581103,RESTRICTED,RESTRICTED,RESTRICTED,RESTRICTED,RESTRICTED,RESTRICTED,RESTRICTED,RESTRICTED
201403359349300030,160909446,RESTRICTED,RESTRICTED,RESTRICTED,RESTRICTED,RESTRICTED,RESTRICTED,RESTRICTED,RESTRICTED
201403219349306015,362167800,RESTRICTED,RESTRICTED,RESTRICTED,RESTRICTED,RESTRICTED,RESTRICTED,RESTRICTED,RESTRICTED
201423189349308757,956120642,RESTRICTED,RESTRICTED,RESTRICTED,RESTRICTED,RESTRICTED,RESTRICTED,RESTRICTED,RESTRICTED
201403189349307150,141338310,RESTRICTED,RESTRICTED,RESTRICTED,RESTRICTED,RESTRICTED,RESTRICTED,RESTRICTED,RESTRICTED
201403189349306245,470424785,RESTRICTED,RESTRICTED,RESTRICTED,RESTRICTED,RESTRICTED,RESTRICTED,RESTRICTED,RESTRICTED
201413219349308871,150532254,RESTRICTED,RESTRICTED,RESTRICTED,RESTRICTED,RESTRICTED,RESTRICTED,RESTRICTED,RESTRICTED
201423189349303312,141338428,RESTRICTED,RESTRICTED,RESTRICTED,RESTRICTED,RESTRICTED,RESTRICTED,RESTRICTED,RESTRICTED
201413189349307056,111661359,RESTRICTED,RESTRICTED,RESTRICTED,RESTRICTED,RESTRICTED,RESTRICTED,RESTRICTED,RESTRICTED
201403359349300400,131624135,RESTRICTED,RESTRICTED,RESTRICTED,RESTRICTED,RESTRICTED,RESTRICTED,RESTRICTED,RESTRICTED
201413369349300501,420680408,RESTRICTED,RESTRICTED,RESTRICTED,RESTRICTED,RESTRICTED,RESTRICTED,RESTRICTED,RESTRICTED
201413339349300001,530174589,RESTRICTED,RESTRICTED,RESTRICTED,RESTRICTED,RESTRICTED,RESTRICTED,RESTRICTED,RESTRICTED
201413189349307566,820309302,RESTRICTED,RESTRICTED,RESTRICTED,RESTRICTED,RESTRICTED,RESTRICTED,RESTRICTED,RESTRICTED
201403219349303590,221494442,RESTRICTED,RESTRICTED,RESTRICTED,RESTRICTED,RESTRICTED,RESTRICTED,RESTRICTED,RESTRICTED
201433189349302273,112868878,RESTRICTED,RESTRICTED,RESTRICTED,RESTRICTED,RESTRICTED,RESTRICTED,RESTRICTED,RESTRICTED
201433189349306488,362167855,RESTRICTED,RESTRICTED,RESTRICTED,RESTRICTED,RESTRICTED,RESTRICTED,RESTRICTED,RESTRICTED
201413159349300826,522027415,RESTRICTED,RESTRICTED,RESTRICTED,RESTRICTED,RESTRICTED,RESTRICTED,RESTRICTED,RESTRICTED
201413149349301011,232215278,RESTRICTED,RESTRICTED,RESTRICTED,RESTRICTED,RESTRICTED,RESTRICTED,RESTRICTED,RESTRICTED
201413039349300626,560529972,RESTRICTED,RESTRICTED,RESTRICTED,RESTRICTED,RESTRICTED,RESTRICTED,RESTRICTED,RESTRICTED
201403099349301215,260069167,RESTRICTED,RESTRICTED,RESTRICTED,RESTRICTED,RESTRICTED,RESTRICTED,RESTRICTED,RESTRICTED
201403149349302770,362310478,RESTRICTED,RESTRICTED,RESTRICTED,RESTRICTED,RESTRICTED,RESTRICTED,RESTRICTED,RESTRICTED
201423029349300927,386080947,RESTRICTED,RESTRICTED,RESTRICTED,RESTRICTED,RESTRICTED,RESTRICTED,RESTRICTED,RESTRICTED
201413159349301026,426081293,RESTRICTED,RESTRICTED,RESTRICTED,RESTRICTED,RESTRICTED,RESTRICTED,RESTRICTED,RESTRICTED
201423079349300242,410908458,RESTRICTED,RESTRICTED,RESTRICTED,RESTRICTED,RESTRICTED,RESTRICTED,RESTRICTED,RESTRICTED
201433169349302723,480543766,RESTRICTED,RESTRICTED,RESTRICTED,RESTRICTED,RESTRICTED,RESTRICTED,RESTRICTED,RESTRICTED
201403149349300005,382812695,RESTRICTED,RESTRICTED,RESTRICTED,RESTRICTED,RESTRICTED,RESTRICTED,RESTRICTED,RESTRICTED
201443159349303059,250965576,RESTRICTED,RESTRICTED,RESTRICTED,RESTRICTED,RESTRICTED,RESTRICTED,RESTRICTED,RESTRICTED
201433119349301118,150532245,RESTRICTED,RESTRICTED,RESTRICTED,RESTRICTED,RESTRICTED,RESTRICTED,RESTRICTED,RESTRICTED
201423179349304652,136171197,RESTRICTED,RESTRICTED,RESTRICTED,RESTRICTED,RESTRICTED,RESTRICTED,RESTRICTED,RESTRICTED
201413179349305401,340505560,RESTRICTED,RESTRICTED,RESTRICTED,RESTRICTED,RESTRICTED,RESTRICTED,RESTRICTED,RESTRICTED
201433159349300313,620476661,RESTRICTED,RESTRICTED,RESTRICTED,RESTRICTED,RESTRICTED,RESTRICTED,RESTRICTED,RESTRICTED
201423169349303452,521266885,RESTRICTED,RESTRICTED,RESTRICTED,RESTRICTED,RESTRICTED,RESTRICTED,RESTRICTED,RESTRICTED
201403179349306665,381359083,RESTRICTED,RESTRICTED,RESTRICTED,RESTRICTED,RESTRICTED,RESTRICTED,RESTRICTED,RESTRICTED
201413179349305256,226830873,RESTRICTED,RESTRICTED,RESTRICTED,RESTRICTED,RESTRICTED,RESTRICTED,RESTRICTED,RESTRICTED
201403179349304220,362739299,RESTRICTED,RESTRICTED,RESTRICTED,RESTRICTED,RESTRICTED,RESTRICTED,RESTRICTED,RESTRICTED
201413179349306241,310785684,RESTRICTED,RESTRICTED,RESTRICTED,RESTRICTED,RESTRICTED,RESTRICTED,RESTRICTED,RESTRICTED
201423179349302017,340753531,RESTRICTED,RESTRICTED,RESTRICTED,RESTRICTED,RESTRICTED,RESTRICTED,RESTRICTED,RESTRICTED
201433149349301363,350892672,RESTRICTED,RESTRICTED,RESTRICTED,RESTRICTED,RESTRICTED,RESTRICTED,RESTRICTED,RESTRICTED
201423169349304182,541954969,RESTRICTED,RESTRICTED,RESTRICTED,RESTRICTED,RESTRICTED,RESTRICTED,RESTRICTED,RESTRICTED
201411979349300711,721234351,RESTRICTED,RESTRICTED,RESTRICTED,RESTRICTED,RESTRICTED,RESTRICTED,RESTRICTED,RESTRICTED
201403219349306145,540568200,RESTRICTED,RESTRICTED,RESTRICTED,RESTRICTED,RESTRICTED,RESTRICTED,RESTRICTED,RESTRICTED
201403219349306950,141423161,RESTRICTED,RESTRICTED,RESTRICTED,RESTRICTED,RESTRICTED,RESTRICTED,RESTRICTED,RESTRICTED
201402949349300735,561065978,RESTRICTED,RESTRICTED,RESTRICTED,RESTRICTED,RESTRICTED,RESTRICTED,RESTRICTED,RESTRICTED
201403219349307960,710236867,RESTRICTED,RESTRICTED,RESTRICTED,RESTRICTED,RESTRICTED,RESTRICTED,RESTRICTED,RESTRICTED
201403119349301460,135648615,RESTRICTED,RESTRICTED,RESTRICTED,RESTRICTED,RESTRICTED,RESTRICTED,RESTRICTED,RESTRICTED
201403219349308850,230973290,RESTRICTED,RESTRICTED,RESTRICTED,RESTRICTED,RESTRICTED,RESTRICTED,RESTRICTED,RESTRICTED
201403169349301835,390806325,RESTRICTED,RESTRICTED,RESTRICTED,RESTRICTED,RESTRICTED,RESTRICTED,RESTRICTED,RESTRICTED
201403179349302875,610444780,RESTRICTED,RESTRICTED,RESTRICTED,RESTRICTED,RESTRICTED,RESTRICTED,RESTRICTED,RESTRICTED
201403219349309665,650216638,RESTRICTED,RESTRICTED,RESTRICTED,RESTRICTED,RESTRICTED,RESTRICTED,RESTRICTED,RESTRICTED
201403179349304225,420698265,RESTRICTED,RESTRICTED,RESTRICTED,RESTRICTED,RESTRICTED,RESTRICTED,RESTRICTED,RESTRICTED
201403079349301575,742568941,RESTRICTED,RESTRICTED,RESTRICTED,RESTRICTED,RESTRICTED,RESTRICTED,RESTRICTED,RESTRICTED
201402269349300205,136192377,RESTRICTED,RESTRICTED,RESTRICTED,RESTRICTED,RESTRICTED,RESTRICTED,RESTRICTED,RESTRICTED
201401919349300620,161411935,RESTRICTED,RESTRICTED,RESTRICTED,RESTRICTED,RESTRICTED,RESTRICTED,RESTRICTED,RESTRICTED
201412539349300806,340909974,RESTRICTED,RESTRICTED,RESTRICTED,RESTRICTED,RESTRICTED,RESTRICTED,RESTRICTED,RESTRICTED
201413149349300801,340737794,RESTRICTED,RESTRICTED,RESTRICTED,RESTRICTED,RESTRICTED,RESTRICTED,RESTRICTED,RESTRICTED
201413149349301031,461812625,RESTRICTED,RESTRICTED,RESTRICTED,RESTRICTED,RESTRICTED,RESTRICTED,RESTRICTED,RESTRICTED
201413039349300316,231937954,RESTRICTED,RESTRICTED,RESTRICTED,RESTRICTED,RESTRICTED,RESTRICTED,RESTRICTED,RESTRICTED
201413149349301236,570314415,RESTRICTED,RESTRICTED,RESTRICTED,RESTRICTED,RESTRICTED,RESTRICTED,RESTRICTED,RESTRICTED
201413109349301966,271503981,RESTRICTED,RESTRICTED,RESTRICTED,RESTRICTED,RESTRICTED,RESTRICTED,RESTRICTED,RESTRICTED
201412879349300846,410694721,RESTRICTED,RESTRICTED,RESTRICTED,RESTRICTED,RESTRICTED,RESTRICTED,RESTRICTED,RESTRICTED
201412189349300446,650473019,RESTRICTED,RESTRICTED,RESTRICTED,RESTRICTED,RESTRICTED,RESTRICTED,RESTRICTED,RESTRICTED
201413169349303271,370706154,RESTRICTED,RESTRICTED,RESTRICTED,RESTRICTED,RESTRICTED,RESTRICTED,RESTRICTED,RESTRICTED
201413009349301026,953921204,RESTRICTED,RESTRICTED,RESTRICTED,RESTRICTED,RESTRICTED,RESTRICTED,RESTRICTED,RESTRICTED
201412889349300111,750891465,RESTRICTED,RESTRICTED,RESTRICTED,RESTRICTED,RESTRICTED,RESTRICTED,RESTRICTED,RESTRICTED
201423039349301757,942992642,RESTRICTED,RESTRICTED,RESTRICTED,RESTRICTED,RESTRICTED,RESTRICTED,RESTRICTED,RESTRICTED
201423219349303952,160743102,RESTRICTED,RESTRICTED,RESTRICTED,RESTRICTED,RESTRICTED,RESTRICTED,RESTRICTED,RESTRICTED
201423179349305002,010275130,RESTRICTED,RESTRICTED,RESTRICTED,RESTRICTED,RESTRICTED,RESTRICTED,RESTRICTED,RESTRICTED
201423359349300102,056015988,RESTRICTED,RESTRICTED,RESTRICTED,RESTRICTED,RESTRICTED,RESTRICTED,RESTRICTED,RESTRICTED
201422909349300327,410696906,RESTRICTED,RESTRICTED,RESTRICTED,RESTRICTED,RESTRICTED,RESTRICTED,RESTRICTED,RESTRICTED
201422909349300622,910615846,RESTRICTED,RESTRICTED,RESTRICTED,RESTRICTED,RESTRICTED,RESTRICTED,RESTRICTED,RESTRICTED
201423179349305407,610492351,RESTRICTED,RESTRICTED,RESTRICTED,RESTRICTED,RESTRICTED,RESTRICTED,RESTRICTED,RESTRICTED
201423149349300867,540506331,RESTRICTED,RESTRICTED,RESTRICTED,RESTRICTED,RESTRICTED,RESTRICTED,RESTRICTED,RESTRICTED
201423189349307402,420681049,RESTRICTED,RESTRICTED,RESTRICTED,RESTRICTED,RESTRICTED,RESTRICTED,RESTRICTED,RESTRICTED
201422879349301102,391399196,RESTRICTED,RESTRICTED,RESTRICTED,RESTRICTED,RESTRICTED,RESTRICTED,RESTRICTED,RESTRICTED
201423219349300047,020223955,RESTRICTED,RESTRICTED,RESTRICTED,RESTRICTED,RESTRICTED,RESTRICTED,RESTRICTED,RESTRICTED
201423459349300127,580644897,RESTRICTED,RESTRICTED,RESTRICTED,RESTRICTED,RESTRICTED,RESTRICTED,RESTRICTED,RESTRICTED
201423179349301647,480559090,RESTRICTED,RESTRICTED,RESTRICTED,RESTRICTED,RESTRICTED,RESTRICTED,RESTRICTED,RESTRICTED
201423189349301757,340714456,RESTRICTED,RESTRICTED,RESTRICTED,RESTRICTED,RESTRICTED,RESTRICTED,RESTRICTED,RESTRICTED
201423499349301252,204984268,RESTRICTED,RESTRICTED,RESTRICTED,RESTRICTED,RESTRICTED,RESTRICTED,RESTRICTED,RESTRICTED
201423189349303462,111679599,RESTRICTED,RESTRICTED,RESTRICTED,RESTRICTED,RESTRICTED,RESTRICTED,RESTRICTED,RESTRICTED
201423289349300917,480543715,RESTRICTED,RESTRICTED,RESTRICTED,RESTRICTED,RESTRICTED,RESTRICTED,RESTRICTED,RESTRICTED
201422139349301142,208991580,RESTRICTED,RESTRICTED,RESTRICTED,RESTRICTED,RESTRICTED,RESTRICTED,RESTRICTED,RESTRICTED
201422049349300312,273339369,RESTRICTED,RESTRICTED,RESTRICTED,RESTRICTED,RESTRICTED,RESTRICTED,RESTRICTED,RESTRICTED
201421279349200002,800205752,RESTRICTED,RESTRICTED,RESTRICTED,RESTRICTED,RESTRICTED,RESTRICTED,RESTRICTED,RESTRICTED
201413219349306826,570324916,RESTRICTED,RESTRICTED,RESTRICTED,RESTRICTED,RESTRICTED,RESTRICTED,RESTRICTED,RESTRICTED
201413189349308941,256068388,RESTRICTED,RESTRICTED,RESTRICTED,RESTRICTED,RESTRICTED,RESTRICTED,RESTRICTED,RESTRICTED
201413389349300801,741238438,RESTRICTED,RESTRICTED,RESTRICTED,RESTRICTED,RESTRICTED,RESTRICTED,RESTRICTED,RESTRICTED
201413219349309486,112626155,RESTRICTED,RESTRICTED,RESTRICTED,RESTRICTED,RESTRICTED,RESTRICTED,RESTRICTED,RESTRICTED
201413189349301911,550643304,RESTRICTED,RESTRICTED,RESTRICTED,RESTRICTED,RESTRICTED,RESTRICTED,RESTRICTED,RESTRICTED
201413219349311906,550753754,RESTRICTED,RESTRICTED,RESTRICTED,RESTRICTED,RESTRICTED,RESTRICTED,RESTRICTED,RESTRICTED
201413179349305546,941186175,RESTRICTED,RESTRICTED,RESTRICTED,RESTRICTED,RESTRICTED,RESTRICTED,RESTRICTED,RESTRICTED
201442099349200634,753073372,RESTRICTED,RESTRICTED,RESTRICTED,RESTRICTED,RESTRICTED,RESTRICTED,RESTRICTED,RESTRICTED
201442939349300314,596605703,RESTRICTED,RESTRICTED,RESTRICTED,RESTRICTED,RESTRICTED,RESTRICTED,RESTRICTED,RESTRICTED
201441769349300834,113358541,RESTRICTED,RESTRICTED,RESTRICTED,RESTRICTED,RESTRICTED,RESTRICTED,RESTRICTED,RESTRICTED
201433429349300128,020223339,RESTRICTED,RESTRICTED,RESTRICTED,RESTRICTED,RESTRICTED,RESTRICTED,RESTRICTED,RESTRICTED
201433429349300303,620485733,RESTRICTED,RESTRICTED,RESTRICTED,RESTRICTED,RESTRICTED,RESTRICTED,RESTRICTED,RESTRICTED
201433539349300633,631199537,RESTRICTED,RESTRICTED,RESTRICTED,RESTRICTED,RESTRICTED,RESTRICTED,RESTRICTED,RESTRICTED
201433369349300703,590624459,RESTRICTED,RESTRICTED,RESTRICTED,RESTRICTED,RESTRICTED,RESTRICTED,RESTRICTED,RESTRICTED
201433219349310303,410789402,RESTRICTED,RESTRICTED,RESTRICTED,RESTRICTED,RESTRICTED,RESTRICTED,RESTRICTED,RESTRICTED
201433389349300423,251453441,RESTRICTED,RESTRICTED,RESTRICTED,RESTRICTED,RESTRICTED,RESTRICTED,RESTRICTED,RESTRICTED
201433219349311108,941748275,RESTRICTED,RESTRICTED,RESTRICTED,RESTRICTED,RESTRICTED,RESTRICTED,RESTRICTED,RESTRICTED
201433219349303633,141338471,RESTRICTED,RESTRICTED,RESTRICTED,RESTRICTED,RESTRICTED,RESTRICTED,RESTRICTED,RESTRICTED
201432829349301033,610510937,RESTRICTED,RESTRICTED,RESTRICTED,RESTRICTED,RESTRICTED,RESTRICTED,RESTRICTED,RESTRICTED
201433159349302513,954559065,RESTRICTED,RESTRICTED,RESTRICTED,RESTRICTED,RESTRICTED,RESTRICTED,RESTRICTED,RESTRICTED
201433189349302383,208384273,RESTRICTED,RESTRICTED,RESTRICTED,RESTRICTED,RESTRICTED,RESTRICTED,RESTRICTED,RESTRICTED
201433119349301433,580685908,RESTRICTED,RESTRICTED,RESTRICTED,RESTRICTED,RESTRICTED,RESTRICTED,RESTRICTED,RESTRICTED
201432739349200538,931071753,RESTRICTED,RESTRICTED,RESTRICTED,RESTRICTED,RESTRICTED,RESTRICTED,RESTRICTED,RESTRICTED
201433189349305988,210662542,RESTRICTED,RESTRICTED,RESTRICTED,RESTRICTED,RESTRICTED,RESTRICTED,RESTRICTED,RESTRICTED
201433219349307128,237102720,RESTRICTED,RESTRICTED,RESTRICTED,RESTRICTED,RESTRICTED,RESTRICTED,RESTRICTED,RESTRICTED
201433169349301138,430471057,RESTRICTED,RESTRICTED,RESTRICTED,RESTRICTED,RESTRICTED,RESTRICTED,RESTRICTED,RESTRICTED
201432889349300313,420680323,RESTRICTED,RESTRICTED,RESTRICTED,RESTRICTED,RESTRICTED,RESTRICTED,RESTRICTED,RESTRICTED
201443219349303134,910570848,RESTRICTED,RESTRICTED,RESTRICTED,RESTRICTED,RESTRICTED,RESTRICTED,RESTRICTED,RESTRICTED
201443219349303224,250965270,RESTRICTED,RESTRICTED,RESTRICTED,RESTRICTED,RESTRICTED,RESTRICTED,RESTRICTED,RESTRICTED
201443149349301494,208091013,RESTRICTED,RESTRICTED,RESTRICTED,RESTRICTED,RESTRICTED,RESTRICTED,RESTRICTED,RESTRICTED
201443169349303089,956102146,RESTRICTED,RESTRICTED,RESTRICTED,RESTRICTED,RESTRICTED,RESTRICTED,RESTRICTED,RESTRICTED
201443149349301959,541547408,RESTRICTED,RESTRICTED,RESTRICTED,RESTRICTED,RESTRICTED,RESTRICTED,RESTRICTED,RESTRICTED
201443189349303379,112673595,RESTRICTED,RESTRICTED,RESTRICTED,RESTRICTED,RESTRICTED,RESTRICTED,RESTRICTED,RESTRICTED
201443219349306779,910791533,RESTRICTED,RESTRICTED,RESTRICTED,RESTRICTED,RESTRICTED,RESTRICTED,RESTRICTED,RESTRICTED
201443509349301004,275316628,RESTRICTED,RESTRICTED,RESTRICTED,RESTRICTED,RESTRICTED,RESTRICTED,RESTRICTED,RESTRICTED
201443099349300809,381627600,RESTRICTED,RESTRICTED,RESTRICTED,RESTRICTED,RESTRICTED,RESTRICTED,RESTRICTED,RESTRICTED
201443569349300704,231424055,RESTRICTED,RESTRICTED,RESTRICTED,RESTRICTED,RESTRICTED,RESTRICTED,RESTRICTED,RESTRICTED
201443159349301544,840166760,RESTRICTED,RESTRICTED,RESTRICTED,RESTRICTED,RESTRICTED,RESTRICTED,RESTRICTED,RESTRICTED
201443219349311239,930999148,RESTRICTED,RESTRICTED,RESTRICTED,RESTRICTED,RESTRICTED,RESTRICTED,RESTRICTED,RESTRICTED
201443519349300724,510109178,RESTRICTED,RESTRICTED,RESTRICTED,RESTRICTED,RESTRICTED,RESTRICTED,RESTRICTED,RESTRICTED
201412839349300546,750855633,RESTRICTED,RESTRICTED,RESTRICTED,RESTRICTED,RESTRICTED,RESTRICTED,RESTRICTED,RESTRICTED
201412199349301121,366205980,RESTRICTED,RESTRICTED,RESTRICTED,RESTRICTED,RESTRICTED,RESTRICTED,RESTRICTED,RESTRICTED
201443219349307154,221487173,RESTRICTED,RESTRICTED,RESTRICTED,RESTRICTED,RESTRICTED,RESTRICTED,RESTRICTED,RESTRICTED
201402879349300145,381443369,RESTRICTED,RESTRICTED,RESTRICTED,RESTRICTED,RESTRICTED,RESTRICTED,RESTRICTED,RESTRICTED
201422959349300417,410795255,RESTRICTED,RESTRICTED,RESTRICTED,RESTRICTED,RESTRICTED,RESTRICTED,RESTRICTED,RESTRICTED
201413119349300836,620548917,RESTRICTED,RESTRICTED,RESTRICTED,RESTRICTED,RESTRICTED,RESTRICTED,RESTRICTED,RESTRICTED
201423529349300812,431658069,RESTRICTED,RESTRICTED,RESTRICTED,RESTRICTED,RESTRICTED,RESTRICTED,RESTRICTED,RESTRICTED
201423379349300007,061744054,RESTRICTED,RESTRICTED,RESTRICTED,RESTRICTED,RESTRICTED,RESTRICTED,RESTRICTED,RESTRICTED
201423079349302087,810444020,RESTRICTED,RESTRICTED,RESTRICTED,RESTRICTED,RESTRICTED,RESTRICTED,RESTRICTED,RESTRICTED
201413219349309616,440545297,RESTRICTED,RESTRICTED,RESTRICTED,RESTRICTED,RESTRICTED,RESTRICTED,RESTRICTED,RESTRICTED
201433179349305078,362166964,RESTRICTED,RESTRICTED,RESTRICTED,RESTRICTED,RESTRICTED,RESTRICTED,RESTRICTED,RESTRICTED
201413459349300626,631191637,RESTRICTED,RESTRICTED,RESTRICTED,RESTRICTED,RESTRICTED,RESTRICTED,RESTRICTED,RESTRICTED
201421889349300852,370692975,RESTRICTED,RESTRICTED,RESTRICTED,RESTRICTED,RESTRICTED,RESTRICTED,RESTRICTED,RESTRICTED
201422539349300442,112705352,RESTRICTED,RESTRICTED,RESTRICTED,RESTRICTED,RESTRICTED,RESTRICTED,RESTRICTED,RESTRICTED
201413509349300036,951916051,RESTRICTED,RESTRICTED,RESTRICTED,RESTRICTED,RESTRICTED,RESTRICTED,RESTRICTED,RESTRICTED
